symbol,time,open_time,score,grade,tf,change_24h,entry,mfe12,mae12,ret12,atr_exp,bar_chg_pct,breakout,breakout_pct,btc,candle,ema,ema_aligned,is_late,rsi,rsi_raw,squeeze,taker,taker_buy,vol,vol_ratio,vs_btc_pct
AAVEUSDT,2026-09-01 08:40,1788241200000,70.05,strong,5m,3.138,127.21,-0.189,-0.48,-0.456,1.9262,0.4263,0.2,0.2206,0.2707,0.9803,1.0,1,0,0.475,72.3,1.0,1.0,0.83755,0.4786,2.6359,0.2413
AAVEUSDT,2026-09-01 09:30,1788244200000,70.68,late,5m,2.903,126.91,0.016,-0.173,-0.063,2.5313,-0.1731,0.0,-0.4003,0.2997,0.2343,1.0,1,1,0.9397,56.914,1.0,0.7099,0.70458,1.0,4.5001,0.2993
AAVEUSDT,2026-09-01 10:35,1788248100000,67.29,late,5m,2.385,126.63,-0.837,-1.161,-0.94,1.7145,-0.1498,0.0,-0.962,0.3448,0.4737,0.3,0,1,0.6651,51.973,1.0,0.9853,0.77617,0.7189,3.3567,0.3896
AAVEUSDT,2026-09-01 13:30,1788258600000,87.87,strong,5m,3.237,127.59,-0.055,-0.745,-0.086,2.409,0.7104,0.3592,0.7183,1.0,0.9595,1.0,1,0,0.4957,72.052,1.0,1.0,0.80895,1.0,4.3916,1.8497
AAVEUSDT,2026-09-01 14:00,1788260400000,60.04,watch,15m,2.563,126.87,1.308,0.843,1.182,0.53,0.15,0.0,-0.8053,0.7166,1.0,1.0,1,0,0.9614,57.305,1.0,0.9312,0.76211,0.0,0.0972,1.1331
AAVEUSDT,2026-09-01 14:30,1788262200000,60.68,watch,15m,3.432,127.48,-0.259,-0.816,-0.777,1.123,0.5363,0.0,-0.3284,0.8599,0.9864,1.0,1,0,0.7975,61.646,1.0,1.0,0.89972,0.0,0.3284,1.4197
AAVEUSDT,2026-09-01 17:20,1788272400000,62.45,watch,5m,3.672,127.34,-0.291,-0.518,-0.306,0.9727,0.4179,0.0,-0.1177,0.292,1.0,1.0,1,0,0.896,59.873,1.0,1.0,0.95305,0.1246,1.5739,0.2841
AAVEUSDT,2026-09-01 20:30,1788283800000,59.87,watch,5m,3.294,127.0,-0.984,-1.465,-1.433,1.2163,0.2764,0.0,0.1735,0.429,0.94,1.0,1,0,0.9692,58.555,1.0,1.0,0.78919,0.0,0.9959,0.5581
AAVEUSDT,2026-09-02 00:00,1788296400000,73.52,strong,5m,1.643,126.19,0.404,0.04,0.349,1.7295,0.1826,0.0,-0.1345,0.2652,0.8985,0.3,0,0,0.739,53.303,1.0,0.8995,0.75386,0.8631,3.7894,0.2303
AAVEUSDT,2026-09-02 01:45,1788302700000,69.59,watch,5m,1.988,126.7,1.002,0.695,0.916,1.475,0.436,0.0,-0.0552,0.2886,1.0,1.0,1,0,0.9095,59.63,1.0,1.0,0.92729,0.4065,3.0253,0.2772
AAVEUSDT,2026-09-02 02:30,1788305400000,59.62,watch,5m,2.862,127.58,0.078,-0.274,-0.125,1.8053,0.2121,0.0,0.0706,0.3435,0.8216,1.0,1,0,0.6622,64.081,1.0,0.3738,0.61719,0.7002,3.3007,0.3871
AAVEUSDT,2026-09-02 03:45,1788309900000,60.15,watch,15m,2.046,127.69,-1.457,-1.864,-1.833,0.9391,0.5037,0.0,-0.4754,0.394,0.9873,1.0,1,0,0.9649,58.632,0.999,1.0,0.8119,0.0,0.4887,0.488
AAVEUSDT,2026-09-02 06:00,1788318000000,60.18,watch,5m,3.292,128.32,2.089,0.678,2.018,1.9826,0.5958,0.2664,0.5327,0.359,0.9727,1.0,1,0,0.7,68.46,1.0,0.6211,0.68149,0.3022,2.1067,0.418
AAVEUSDT,2026-09-02 06:30,1788319800000,58.68,watch,1h,3.06,129.31,1.763,1.299,1.701,1.6239,1.3719,0.3544,0.7087,0.6244,0.9004,1.0,1,0,0.7324,62.817,0.9743,0.4427,0.6351,0.3484,2.2452,0.9489
AAVEUSDT,2026-09-02 07:00,1788321600000,71.48,strong,15m,4.145,130.91,1.39,0.71,0.756,2.0492,1.2373,0.2727,0.5453,1.0,0.9851,1.0,1,0,0.5849,70.981,0.8382,0.786,0.72435,0.6326,3.0979,2.6253
AAVEUSDT,2026-09-02 07:30,1788323400000,64.75,watch,1h,4.142,131.51,2.745,2.152,2.585,1.3915,1.7013,0.5031,1.0061,1.0,0.99,1.0,1,0,0.7,68.616,0.8672,0.4151,0.62792,0.5229,2.7687,3.2117
AAVEUSDT,2026-09-02 08:20,1788326400000,61.15,watch,5m,6.914,134.99,-1.245,-1.533,-1.474,3.1107,1.481,0.729,1.4581,1.0,0.9985,1.0,1,1,0.0,84.189,0.8019,0.682,0.69732,0.2955,2.0866,1.839
AAVEUSDT,2026-09-02 11:55,1788339300000,65.22,late,5m,2.568,128.62,-1.469,-1.656,-1.656,1.0265,-0.225,0.0,-2.8843,0.0,0.4525,0.3,0,1,0.0,16.272,0.8327,1.0,0.78627,1.0,9.9532,-1.0589
AAVEUSDT,2026-09-02 15:20,1788351600000,59.4,watch,5m,0.197,127.4,-0.526,-0.824,-0.526,1.7548,0.5049,0.2,0.3466,0.4486,0.9483,1.0,1,0,0.9617,58.69,1.0,0.0855,0.54222,0.686,3.2579,0.5971
AAVEUSDT,2026-09-02 16:40,1788356400000,83.46,strong,5m,1.683,128.12,-0.609,-1.046,-0.718,4.2843,1.449,0.3023,0.6046,0.4591,1.0,1.0,1,0,0.6181,64.873,1.0,1.0,0.8612,0.8822,3.8467,0.6182
AAVEUSDT,2026-09-02 18:55,1788364500000,58.4,watch,5m,0.024,127.19,-0.094,-0.362,-0.362,0.4578,0.1654,0.0,-0.1727,0.2333,1.0,1.0,1,0,0.8089,54.559,1.0,1.0,0.84759,0.0,0.3858,0.1666
AAVEUSDT,2026-09-02 20:45,1788371100000,60.34,watch,5m,0.886,127.53,-0.188,-0.525,-0.196,1.7596,0.2831,0.0,0.1885,0.4865,0.8479,1.0,1,0,0.8969,59.856,1.0,0.0,0.35745,0.9494,4.0483,0.673
AAVEUSDT,2026-09-02 21:15,1788372900000,64.01,late,5m,1.445,127.07,0.11,-0.173,-0.102,1.1001,-0.1022,0.0,-0.6489,0.0,0.3929,0.3,0,1,0.6323,51.382,1.0,0.8165,0.73229,0.8345,3.7035,-0.4509
AAVEUSDT,2026-09-02 23:00,1788379200000,62.36,watch,5m,1.434,127.35,-0.133,-0.267,-0.267,2.6601,0.3942,0.0,0.0079,0.2522,0.926,0.3,0,0,0.8854,60.062,1.0,0.8463,0.74004,0.4077,2.4231,0.2045
AAVEUSDT,2026-09-03 01:20,1788387600000,60.41,watch,5m,0.475,126.8,0.047,-0.126,-0.118,0.7488,0.1184,0.0,-0.4553,0.2433,0.988,0.3,0,0,0.5236,49.425,1.0,0.7639,0.71862,0.4946,2.6837,0.1866
AAVEUSDT,2026-09-03 03:10,1788394200000,69.63,late,5m,-0.657,126.97,0.425,-0.15,0.331,1.5402,-0.3062,0.0,-0.6728,0.24,0.3,0.3,0,1,0.557,50.026,1.0,0.9097,0.75652,1.0,7.0858,0.18
AAVEUSDT,2026-09-03 08:05,1788411900000,70.82,strong,5m,-3.049,127.84,-0.164,-0.43,-0.407,1.5728,0.0156,0.0,-0.0156,0.5314,0.4959,1.0,1,0,0.6386,64.506,1.0,0.7102,0.70464,0.96,4.08,0.7629
AAVEUSDT,2026-09-03 10:00,1788418800000,68.47,watch,5m,-3.996,128.07,-0.055,-0.383,-0.133,2.7991,0.5654,0.2,0.2034,0.0921,0.9892,1.0,1,0,0.7923,61.738,1.0,1.0,0.80254,0.339,2.2171,-0.1159
AAVEUSDT,2026-09-03 11:15,1788423300000,62.73,watch,5m,-1.727,128.6,1.47,0.739,0.84,0.788,0.2573,0.0,-0.0932,0.5351,1.0,1.0,1,0,0.5643,65.843,1.0,1.0,0.81834,0.2029,1.8086,0.7701
AAVEUSDT,2026-09-03 14:15,1788434100000,60.73,watch,5m,2.712,129.53,1.228,0.865,1.073,1.4916,0.4965,0.0,-0.1234,0.394,0.9824,0.3,0,0,0.9973,57.951,1.0,1.0,0.87679,0.1259,1.5778,0.488
AAVEUSDT,2026-09-03 20:00,1788454800000,60.95,watch,5m,5.499,133.73,0.523,0.179,0.471,1.6559,0.5791,0.0,-0.5281,0.4489,0.9911,1.0,1,0,0.868,60.377,1.0,1.0,0.79239,0.0521,1.3562,0.5978
AAVEUSDT,2026-09-03 21:35,1788460500000,60.84,watch,5m,6.027,134.58,-0.32,-0.632,-0.364,0.8637,0.0074,0.0,-0.1187,0.353,0.44,1.0,1,0,0.871,60.321,1.0,1.0,0.81684,0.2826,2.3768,0.4061
AAVEUSDT,2026-09-04 00:05,1788469500000,58.52,watch,5m,6.006,134.5,0.275,-0.022,0.037,0.6915,0.0521,0.0,-0.2003,0.276,0.8423,1.0,1,0,0.796,54.327,1.0,1.0,0.79112,0.0652,1.3956,0.2519
AAVEUSDT,2026-09-04 01:00,1788472800000,65.77,late,5m,6.467,134.83,-1.409,-1.647,-1.409,1.6326,-0.0148,0.0,-0.4651,0.3121,0.2783,1.0,1,1,0.8112,54.601,1.0,0.5163,0.65424,0.9957,4.1871,0.3241
AAVEUSDT,2026-09-04 06:10,1788491400000,78.19,strong,5m,5.345,134.03,-0.276,-0.657,-0.276,0.8816,0.1046,0.0,-0.1936,0.2134,0.82,1.0,1,0,0.9238,59.372,1.0,1.0,0.8541,0.8297,3.6891,0.1269
AAVEUSDT,2026-09-04 07:25,1788495900000,67.33,watch,5m,6.349,134.85,-0.178,-0.578,-0.564,1.9485,0.2602,0.2,0.2602,0.4541,0.9468,1.0,1,0,0.7,67.62,1.0,1.0,0.78992,0.2816,2.0449,0.6083
AAVEUSDT,2026-09-04 11:55,1788512100000,58.43,watch,15m,4.505,135.94,-1.14,-1.501,-1.493,1.9729,1.0256,0.3481,0.6963,0.6635,0.9961,1.0,1,0,0.7,66.715,1.0,0.4496,0.6369,0.2857,2.057,1.0271
AAVEUSDT,2026-09-04 15:05,1788523500000,87.13,strong,5m,3.527,135.04,-2.407,-2.829,-2.644,3.6765,0.8213,0.3618,0.7235,0.5695,0.9581,1.0,1,0,0.6161,70.606,1.0,1.0,0.79854,1.0,6.7179,0.8389
AAVEUSDT,2026-09-04 15:35,1788525300000,60.61,watch,5m,0.343,131.66,-0.547,-1.147,-0.608,1.2197,0.1064,0.0,-3.0986,0.0,0.6906,0.3,0,0,0.0,30.878,0.919,0.6234,0.68209,1.0,5.0641,-0.9367
AAVEUSDT,2026-09-04 19:25,1788539100000,58.16,watch,5m,-0.605,131.51,-0.335,-0.578,-0.426,0.5394,0.0533,0.0,-0.0456,0.1468,0.9692,1.0,1,0,0.8603,55.485,1.0,1.0,0.81743,0.0,0.4976,-0.0064
AAVEUSDT,2026-09-04 23:00,1788552000000,72.38,strong,5m,-2.581,130.61,-0.368,-0.582,-0.49,0.9841,0.0077,0.0,-0.3129,0.1053,0.6286,0.3,0,0,0.4581,48.246,1.0,1.0,0.86849,0.9525,4.0575,-0.0894
AAVEUSDT,2026-09-05 03:00,1788566400000,77.95,late,5m,-1.86,130.31,0.56,0.399,0.522,0.9929,-0.0537,0.0,-0.1532,0.2427,0.4421,1.0,1,1,0.8195,61.25,1.0,1.0,0.87291,1.0,4.4073,0.1854
AAVEUSDT,2026-09-05 03:30,1788568200000,58.35,watch,5m,-1.797,130.62,0.023,-0.13,-0.122,1.386,-0.1147,0.0,-0.7371,0.2616,0.3615,0.3,0,1,0.9355,56.839,1.0,0.9576,0.76899,0.3572,2.2717,0.2232
AAVEUSDT,2026-09-05 05:35,1788575700000,64.21,watch,5m,-2.454,130.78,-0.084,-0.206,-0.153,2.042,0.2299,0.0,-0.0076,0.359,0.8429,0.3,0,0,0.9387,56.896,1.0,0.67,0.69419,0.6357,3.1071,0.4181
AAVEUSDT,2026-09-05 13:30,1788604200000,60.18,watch,15m,-2.144,130.54,-0.452,-0.544,-0.513,0.426,0.1534,0.0,-0.5561,0.4265,0.9727,1.0,1,0,0.9679,58.579,1.0,1.0,0.81012,0.0,0.0392,0.553
AAVEUSDT,2026-09-05 15:15,1788610500000,64.37,watch,5m,-4.137,129.99,0.623,0.231,0.315,1.6564,0.1695,0.0,-0.3068,0.1623,0.8917,0.3,0,0,0.5387,49.697,1.0,0.4223,0.62979,1.0,6.2894,0.0247
AAVEUSDT,2026-09-05 16:20,1788614400000,58.16,watch,5m,-0.729,130.66,-0.421,-0.574,-0.421,1.3798,0.1917,0.0,-0.1605,0.104,0.8923,1.0,1,0,0.9779,57.602,1.0,1.0,0.78307,0.0,0.6455,-0.092
AAVEUSDT,2026-09-05 17:50,1788619800000,58.2,watch,5m,0.941,130.86,0.909,0.619,0.879,0.9759,0.2144,0.0,-0.0458,0.3939,0.98,1.0,1,0,0.7279,62.899,1.0,1.0,0.8057,0.0,0.3077,0.4878
AAVEUSDT,2026-09-05 18:35,1788622500000,64.1,watch,15m,0.594,132.05,0.045,-0.295,-0.227,1.6555,0.6402,0.255,0.51,0.9028,0.9966,1.0,1,0,0.4704,72.355,1.0,0.7353,0.71118,0.341,2.2231,1.5056
AAVEUSDT,2026-09-05 21:40,1788633600000,67.52,late,5m,3.253,134.91,0.274,-0.334,0.274,1.5287,0.3198,0.2,0.3198,0.6665,0.9219,1.0,1,1,0.0,80.253,1.0,0.5614,0.66597,0.8753,3.8259,1.0331
AAVEUSDT,2026-09-05 22:15,1788635700000,63.37,watch,5m,3.033,134.85,0.082,-0.386,-0.237,1.2182,0.3498,0.0,-0.3031,0.3002,0.9516,1.0,1,0,0.7,68.302,1.0,1.0,0.78472,0.2421,2.1925,0.3004
AAVEUSDT,2026-09-06 03:35,1788654900000,58.75,watch,5m,3.889,135.98,2.243,1.633,2.221,2.3157,0.1399,0.0,-0.0074,0.6538,0.6535,1.0,1,1,0.7,67.65,1.0,0.0,0.4494,1.0,7.8741,1.0075
AAVEUSDT,2026-09-06 08:35,1788672900000,80.46,strong,5m,5.592,136.72,-0.834,-1.031,-0.951,2.6882,0.7368,0.2573,0.5146,0.6461,0.9609,1.0,1,0,0.6747,69.903,1.0,1.0,0.84056,0.751,3.4531,0.9923
AAVEUSDT,2026-09-06 12:20,1788686400000,58.49,watch,5m,3.562,134.63,0.067,-0.201,-0.201,1.0155,0.2233,0.0,-0.1927,0.2214,0.9818,0.3,0,0,0.6234,51.222,1.0,0.6833,0.69766,0.4625,2.5874,0.1427
AAVEUSDT,2026-09-06 13:15,1788689700000,69.73,watch,5m,3.273,134.72,0.683,0.416,0.609,1.6776,0.2829,0.0,-0.1186,0.1115,0.946,1.0,1,0,0.8265,54.877,1.0,0.7408,0.71261,0.7165,3.3495,-0.077
AAVEUSDT,2026-09-06 21:25,1788719100000,65.07,watch,5m,-0.105,133.61,-0.494,-0.651,-0.509,0.6977,0.1574,0.0,0.0,0.1816,1.0,1.0,1,0,0.7853,54.136,1.0,1.0,0.95015,0.2824,2.3378,0.0631
AAVEUSDT,2026-09-06 22:40,1788723600000,63.85,watch,5m,-1.885,132.73,0.422,0.249,0.414,1.1263,0.0905,0.0,-0.7997,0.0972,0.8219,0.3,0,0,0.0,38.395,1.0,1.0,0.97551,0.6817,4.4052,-0.1057
AAVEUSDT,2026-09-06 23:40,1788727200000,59.58,watch,5m,-1.017,133.28,1.268,0.923,1.11,0.9807,0.1127,0.0,-0.0075,0.2063,0.987,1.0,1,0,0.9854,58.262,1.0,1.0,0.83125,0.0,0.7775,0.1125
AAVEUSDT,2026-09-07 00:10,1788729000000,60.02,watch,15m,0.673,134.54,-0.253,-0.476,-0.357,1.8905,0.6659,0.2765,0.5531,0.7092,0.9811,0.3,0,0,0.7266,62.922,1.0,0.0,0.26538,0.8816,3.8449,1.1184
AAVEUSDT,2026-09-07 01:40,1788734400000,58.01,watch,5m,0.06,134.53,1.739,1.375,1.665,1.2039,0.1862,0.0,-0.4514,0.1875,0.863,1.0,1,0,0.9853,57.736,1.0,0.7234,0.70808,0.2334,1.9001,0.0751
AAVEUSDT,2026-09-07 02:15,1788736500000,62.4,watch,5m,0.557,135.47,0.65,0.118,0.148,2.0715,0.3407,0.2,0.311,0.3818,0.925,1.0,1,0,0.6526,70.169,1.0,0.0,0.26949,1.0,4.2724,0.4636
AAVEUSDT,2026-09-07 02:55,1788738900000,61.2,watch,15m,1.823,136.87,-0.774,-1.001,-0.782,1.4242,0.0804,0.0,0.0,0.8204,0.748,1.0,1,0,0.3594,73.687,0.8705,0.7609,0.71783,0.5508,2.8523,1.3409
AAVEUSDT,2026-09-07 05:35,1788748500000,64.15,watch,5m,-0.36,135.75,-1.606,-1.834,-1.82,5.2043,1.3589,0.4085,0.8169,0.8053,0.9889,0.3,0,0,0.6171,64.893,1.0,0.0,0.42794,1.0,6.8657,1.3105
AAVEUSDT,2026-09-07 13:00,1788775200000,60.78,watch,5m,-0.461,133.88,0.717,0.246,0.344,1.1481,0.2922,0.0,-0.461,0.0384,0.9489,1.0,1,0,0.5833,50.499,1.0,0.7752,0.72156,0.4166,2.4498,-0.2231
AAVEUSDT,2026-09-07 15:10,1788783000000,66.01,watch,5m,-0.214,135.11,-0.141,-0.311,-0.148,1.9411,0.3864,0.2,0.2002,0.6624,0.9384,1.0,1,0,0.7,66.577,1.0,0.3121,0.60113,0.8046,3.6137,1.0249
AAVEUSDT,2026-09-07 20:40,1788802800000,59.64,watch,5m,-0.466,132.54,-0.573,-0.671,-0.581,0.5077,0.1284,0.0,0.0755,0.2666,0.9842,1.0,1,0,0.9723,58.498,1.0,0.998,0.77948,0.0,0.3231,0.2332
AAVEUSDT,2026-09-07 22:55,1788810900000,59.63,watch,5m,-0.083,132.47,0.083,-0.038,0.008,0.7105,0.0529,0.0,-0.0754,0.1787,1.0,1.0,1,0,0.99,57.82,1.0,1.0,0.85871,0.0,0.6349,0.0574
AAVEUSDT,2026-09-07 23:30,1788813000000,58.82,watch,5m,-0.548,132.47,0.174,0.008,0.008,0.9841,0.1512,0.0,-0.0754,0.2369,0.9889,1.0,1,0,0.9238,56.628,1.0,0.9534,0.76788,0.0247,1.2741,0.1739
AAVEUSDT,2026-09-08 00:00,1788814800000,58.25,watch,15m,-1.066,132.72,-0.422,-1.01,-0.738,0.5806,0.1887,0.0,0.0528,0.2975,0.9812,1.0,1,0,0.7812,54.062,1.0,1.0,0.78905,0.0,0.1752,0.2951
AAVEUSDT,2026-09-08 04:55,1788832500000,60.75,watch,5m,-0.74,132.74,-1.258,-1.424,-1.371,1.1699,0.2265,0.0,-0.218,0.017,0.9308,1.0,1,0,0.8792,55.826,1.0,1.0,0.89945,0.1336,2.0473,-0.2659
AAVEUSDT,2026-09-08 12:30,1788859800000,58.5,watch,5m,-2.258,131.17,0.396,0.13,0.13,2.0441,0.3903,0.0,-0.0229,0.2584,0.9898,0.3,0,0,0.9976,57.957,1.0,0.5903,0.67348,0.416,2.4479,0.2169
AAVEUSDT,2026-09-08 21:55,1788893700000,58.16,watch,5m,-2.296,128.91,0.085,-0.132,0.085,0.9874,-0.031,0.0,-1.226,0.0,0.1591,0.3,0,1,0.0,38.225,1.0,0.6988,0.70168,1.0,4.7446,-0.554
AAVEUSDT,2026-09-09 01:45,1788907500000,59.84,watch,5m,-1.267,129.37,-0.386,-0.456,-0.386,0.8039,0.1936,0.0,0.0077,0.2152,1.0,1.0,1,0,0.9975,57.956,1.0,1.0,0.9099,0.0,0.8726,0.1305
AAVEUSDT,2026-09-09 03:10,1788912600000,61.2,watch,5m,-2.088,129.41,0.07,-0.178,-0.1,1.4852,0.1625,0.0,-0.0695,0.1984,0.8909,1.0,1,0,0.8587,60.543,1.0,0.5906,0.67355,0.5055,2.7164,0.0968
AAVEUSDT,2026-09-09 09:15,1788934500000,59.14,watch,5m,-1.075,129.78,0.293,0.092,0.123,0.7695,0.193,0.0,-0.3532,0.2905,0.9885,1.0,1,0,0.8865,60.043,1.0,1.0,0.91771,0.0,0.431,0.2809
AAVEUSDT,2026-09-09 11:05,1788941100000,73.75,strong,15m,-0.406,130.07,0.7,0.338,0.438,1.0729,0.1771,0.0,-0.2989,0.0828,0.8842,1.0,1,0,0.9724,58.497,1.0,1.0,0.89918,0.6319,3.7307,-0.1345
AAVEUSDT,2026-09-09 17:25,1788963900000,59.04,watch,5m,1.172,130.3,-1.45,-2.394,-1.512,1.9333,0.6566,0.0,-0.2679,0.4092,1.0,1.0,1,0,0.9604,58.713,1.0,0.9417,0.76485,0.0,0.6774,0.5184
AAVEUSDT,2026-09-10 05:35,1789007700000,59.0,watch,5m,-3.294,124.78,0.248,0.056,0.232,0.7168,0.1123,0.0,0.1043,0.2777,0.8962,1.0,1,0,0.9908,57.835,1.0,1.0,0.8393,0.0,0.5874,0.2554
AAVEUSDT,2026-09-10 06:45,1789011900000,58.36,watch,15m,-1.909,125.91,-0.461,-0.619,-0.58,0.7625,0.3427,0.2,0.2708,0.5613,0.975,1.0,1,0,0.9262,56.671,1.0,0.7978,0.72743,0.0,0.2927,0.8227
AAVEUSDT,2026-09-10 08:55,1789019700000,58.92,watch,5m,-2.866,125.39,-0.319,-0.423,-0.407,0.9099,0.1118,0.0,-0.0558,0.1716,0.9538,1.0,1,0,0.835,55.03,1.0,0.5396,0.66029,0.446,2.5379,0.0432
AAVEUSDT,2026-09-10 10:05,1789023900000,66.53,late,5m,-4.595,124.38,0.056,-0.346,0.016,0.9459,-0.0402,0.0,-0.845,0.0364,0.3185,0.3,0,1,0.0,39.152,1.0,1.0,0.86184,1.0,6.1352,-0.2272
AAVEUSDT,2026-09-10 10:45,1789026300000,66.23,watch,5m,-4.529,123.75,0.63,0.485,0.549,0.6636,0.1214,0.0,-1.1345,0.0,0.9526,0.3,0,0,0.0,34.238,1.0,1.0,0.95844,0.7402,5.2176,-0.401
AAVEUSDT,2026-09-10 13:00,1789034400000,69.73,watch,5m,-3.814,123.84,-0.711,-0.985,-0.88,1.4854,0.097,0.0,-0.6737,0.0903,0.8667,0.3,0,0,0.0,38.766,1.0,0.8865,0.75048,1.0,4.5922,-0.1194
AAVEUSDT,2026-09-10 14:30,1789039800000,69.33,late,5m,-4.501,123.28,0.073,-0.738,-0.616,0.9339,-0.0081,0.0,-0.2992,0.1673,0.2259,0.3,0,1,0.4,43.952,1.0,1.0,0.81151,1.0,5.0243,0.0347
AAVEUSDT,2026-09-10 15:25,1789043100000,62.14,watch,5m,-4.754,123.01,-0.902,-1.106,-1.024,0.7166,0.1302,0.0,-0.4129,0.2229,1.0,0.3,0,0,0.4,43.469,1.0,1.0,0.93528,0.394,2.6774,0.1459
AAVEUSDT,2026-09-10 19:45,1789058700000,58.22,watch,5m,-5.829,121.97,1.041,0.721,1.0,2.3534,0.5938,0.0,-0.4001,0.4143,0.9118,0.3,0,0,0.781,54.057,1.0,0.0,0.27676,1.0,4.4388,0.5286
AAVEUSDT,2026-09-10 22:35,1789068900000,78.14,strong,5m,-3.394,122.96,0.098,0.0,0.057,0.9584,0.1548,0.0,-0.211,0.2314,0.93,1.0,1,0,0.8969,56.145,1.0,1.0,0.80741,0.7897,3.5692,0.1627
AAVEUSDT,2026-09-11 02:20,1789082400000,65.57,late,5m,-2.715,121.46,0.132,-0.354,0.016,0.8955,-0.0411,0.0,-1.3643,0.0267,0.2267,0.3,0,1,0.0,31.129,1.0,1.0,0.84518,1.0,4.5179,-0.2465
AAVEUSDT,2026-09-11 05:10,1789092600000,58.51,watch,5m,-1.875,121.95,-0.221,-0.59,-0.254,0.4545,-0.0246,0.0,-0.4652,0.1353,0.3214,0.3,0,1,0.6621,51.918,1.0,1.0,0.84815,0.4504,3.9389,-0.0295
AAVEUSDT,2026-09-11 07:05,1789099500000,60.15,watch,5m,-2.755,122.15,0.72,0.491,0.712,0.8297,0.0737,0.0,0.041,0.2419,0.8364,1.0,1,1,0.8523,60.659,1.0,0.0,0.1196,1.0,7.3081,0.1839
AAVEUSDT,2026-09-11 08:05,1789103100000,60.32,watch,5m,-1.552,123.02,0.39,0.098,0.35,1.1928,0.1792,0.0,0.0325,0.2978,0.9893,1.0,1,0,0.7,69.252,1.0,1.0,0.82074,0.1053,1.5159,0.2956
AAVEUSDT,2026-09-11 08:50,1789105800000,62.22,watch,5m,-1.437,123.45,-0.089,-0.227,-0.227,1.1224,0.1623,0.0,0.1054,0.2876,1.0,1.0,1,0,0.5672,71.193,1.0,1.0,0.89269,0.2211,1.8633,0.2751
AAVEUSDT,2026-09-11 15:25,1789129500000,66.74,watch,5m,-0.455,122.45,2.205,1.429,1.584,4.3395,0.2784,0.0,-0.0327,0.2181,0.7848,1.0,1,0,0.9754,58.443,1.0,0.2825,0.59346,1.0,6.0526,0.1362
AAVEUSDT,2026-09-11 15:55,1789131300000,69.32,watch,1h,2.795,125.05,3.495,2.383,3.255,4.184,2.349,0.5784,1.1568,0.5722,0.9568,1.0,1,0,0.815,61.33,1.0,0.0,0.4888,1.0,5.1751,0.8445
AAVEUSDT,2026-09-11 16:45,1789134300000,62.25,watch,1h,3.797,127.13,1.219,0.236,0.464,2.5392,1.6715,0.5688,1.1376,1.0,0.9902,1.0,1,0,0.7,68.574,0.9427,0.0,0.50768,0.7111,3.3332,1.9277
AAVEUSDT,2026-09-11 23:00,1789156800000,61.11,watch,5m,1.782,125.1,-0.064,-0.36,-0.112,1.5105,0.4981,0.2,0.3691,0.3476,1.0,0.3,0,0,0.9732,57.518,1.0,1.0,0.82112,0.0532,1.3596,0.3951
AAVEUSDT,2026-09-12 00:05,1789160700000,73.11,strong,5m,2.35,125.86,-0.898,-1.311,-1.311,2.271,0.7202,0.2235,0.4469,0.4526,1.0,1.0,1,0,0.6352,64.567,1.0,0.6873,0.69871,0.7767,3.5302,0.6052
AAVEUSDT,2026-09-12 03:15,1789172100000,70.93,late,5m,3.41,125.25,0.008,-0.136,-0.12,0.7998,0.2,0.0,0.0559,0.2494,1.0,1.0,1,1,0.7457,62.577,1.0,1.0,0.93571,0.5187,5.0687,0.1988
AAVEUSDT,2026-09-12 03:50,1789174200000,58.16,watch,5m,2.872,125.35,0.0,-0.263,-0.144,0.8537,0.1278,0.0,0.016,0.2015,0.9864,1.0,1,0,0.7075,63.266,1.0,1.0,0.84186,0.0331,1.2992,0.1029
AAVEUSDT,2026-09-12 05:55,1789181700000,60.0,watch,5m,3.118,125.36,0.287,0.144,0.279,1.2133,0.1678,0.0,-0.1354,0.1528,0.9679,1.0,1,0,0.8602,55.483,1.0,1.0,0.84668,0.073,1.419,0.0055
ADAUSDT,2026-09-01 14:50,1788263400000,61.17,watch,5m,1.987,0.2002,-0.549,-0.749,-0.699,1.4925,0.2002,0.0,-0.0499,0.2996,0.8875,1.0,1,0,0.7,67.723,1.0,0.6252,0.68256,0.5097,2.7292,0.2992
ADAUSDT,2026-09-02 04:20,1788312000000,58.11,watch,5m,-1.305,0.1967,0.153,-0.305,0.102,0.9752,0.1018,0.0,-0.4051,0.1704,1.0,1.0,1,0,0.8041,54.474,1.0,1.0,0.91517,0.0,0.885,0.0408
ADAUSDT,2026-09-02 08:50,1788328200000,58.92,watch,15m,-1.923,0.1989,-0.553,-0.754,-0.754,0.5262,0.2015,0.0,-0.2007,0.5228,0.9,1.0,1,0,0.8541,60.625,1.0,1.0,0.79903,0.0,0.6905,0.7456
ADAUSDT,2026-09-02 16:00,1788354000000,63.51,watch,5m,-1.467,0.1948,0.975,0.616,0.77,1.6455,0.3606,0.0,-0.3581,0.1513,0.9625,1.0,1,0,0.789,54.202,1.0,1.0,0.85663,0.2388,2.16,0.0026
ADAUSDT,2026-09-02 16:40,1788356400000,79.51,strong,5m,-0.706,0.1968,-0.102,-0.508,-0.102,5.4097,1.391,0.4098,0.8197,0.404,1.0,1.0,1,0,0.7,69.209,1.0,1.0,0.80133,0.6552,3.1656,0.508
ADAUSDT,2026-09-02 21:20,1788373200000,58.3,watch,5m,0.818,0.1972,0.051,-0.152,-0.101,0.8486,0.2033,0.0,-0.1519,0.2076,1.0,1.0,1,0,0.8092,61.434,1.0,1.0,0.87465,0.0,1.175,0.1151
ADAUSDT,2026-09-02 23:45,1788381900000,63.41,watch,5m,1.639,0.1985,0.504,0.202,0.202,1.3079,0.2019,0.0,-0.3014,0.259,0.8875,1.0,1,0,0.9097,59.626,1.0,0.6633,0.69246,0.5051,2.7153,0.2179
ADAUSDT,2026-09-03 00:40,1788385200000,60.78,watch,5m,1.995,0.1994,-0.301,-0.502,-0.301,1.3989,0.2514,0.2,0.201,0.3889,0.9143,1.0,1,0,0.7,66.967,1.0,0.4863,0.64645,0.4955,2.6864,0.4778
ADAUSDT,2026-09-03 01:55,1788389700000,63.89,watch,5m,1.895,0.1989,1.156,0.855,1.156,1.7767,0.2015,0.0,-0.3008,0.4983,0.9625,1.0,1,0,0.9898,57.817,1.0,0.3676,0.61557,0.6908,3.2725,0.6965
ADAUSDT,2026-09-03 02:25,1788391500000,63.38,watch,5m,2.348,0.2005,0.599,0.2,0.249,0.8849,0.1499,0.0,-0.1991,0.4477,0.94,1.0,1,0,0.6356,70.373,1.0,1.0,0.80554,0.2441,2.3373,0.5954
ADAUSDT,2026-09-03 04:05,1788397500000,61.25,watch,5m,3.111,0.2022,1.632,0.841,1.236,3.5275,1.1506,0.0,-0.2959,0.3062,0.9654,1.0,1,0,0.7473,62.548,1.0,0.0178,0.52462,1.0,4.4001,0.3124
ADAUSDT,2026-09-03 04:35,1788399300000,59.39,watch,1h,5.653,0.2056,0.632,0.34,0.389,4.0545,2.5436,0.6903,1.3807,1.0,0.9241,1.0,1,1,0.0,74.524,0.7008,0.0861,0.54238,0.8584,3.7753,3.1573
ADAUSDT,2026-09-03 11:25,1788423900000,60.73,watch,5m,5.972,0.2076,0.096,-0.193,-0.145,1.4347,0.1447,0.0,0.0964,0.556,0.79,1.0,1,0,0.7,66.465,1.0,0.1902,0.56944,0.8728,3.8184,0.8121
ADAUSDT,2026-09-03 13:55,1788432900000,61.2,watch,5m,7.224,0.2078,-0.337,-0.577,-0.433,1.82,0.6295,0.0,-0.0481,0.3485,1.0,0.3,0,1,0.9354,59.162,1.0,0.8677,0.7456,0.2813,2.0438,0.397
ADAUSDT,2026-09-03 15:00,1788436800000,72.98,strong,5m,6.417,0.2073,0.772,0.482,0.675,1.3529,0.2418,0.0,-0.2886,0.0999,0.9333,1.0,1,0,0.7655,53.779,1.0,0.7236,0.70814,0.8883,3.8649,-0.1002
ADAUSDT,2026-09-03 16:35,1788442500000,59.62,watch,5m,8.449,0.2105,1.663,1.33,1.33,2.9933,0.3815,0.0,0.1427,0.4045,0.925,1.0,1,1,0.0,76.902,1.0,0.3959,0.62294,0.8415,3.7245,0.5091
ADAUSDT,2026-09-03 17:20,1788445200000,66.15,late,5m,8.702,0.2136,1.919,1.03,1.826,2.2296,0.8023,0.4011,0.8023,0.6058,1.0,1.0,1,1,0.0,84.518,1.0,0.6039,0.677,0.6653,3.196,0.9116
ADAUSDT,2026-09-04 04:50,1788486600000,68.98,late,5m,8.71,0.2234,0.761,0.269,0.761,1.5918,0.5853,0.2,0.2693,0.6974,0.9625,1.0,1,1,0.7,67.885,1.0,0.3714,0.61657,0.8559,3.7676,1.0948
ADAUSDT,2026-09-04 07:25,1788495900000,58.46,watch,5m,10.318,0.2256,-1.285,-1.684,-1.64,1.2092,0.4005,0.0,0.0887,0.2489,1.0,1.0,1,1,0.8083,61.451,1.0,1.0,0.82465,0.0,1.1601,0.1977
ADAUSDT,2026-09-04 14:35,1788521700000,58.67,watch,5m,7.095,0.2219,-2.388,-3.56,-2.659,0.4196,0.0902,0.0,-0.045,0.2805,0.9,1.0,1,1,0.9432,56.977,1.0,1.0,0.81262,0.0,0.537,0.2609
ADAUSDT,2026-09-04 21:55,1788548100000,59.62,watch,5m,-4.356,0.213,0.423,0.188,0.235,0.3521,0.094,0.0,0.047,0.3807,1.0,1.0,1,0,0.8872,55.97,1.0,1.0,0.84124,0.0,0.9203,0.4615
ADAUSDT,2026-09-04 22:25,1788549900000,80.82,strong,5m,-3.597,0.2144,-0.793,-0.933,-0.886,1.9496,0.3745,0.2,0.3745,0.3593,0.94,1.0,1,0,0.7,68.563,1.0,1.0,0.78509,0.8394,3.7183,0.4185
ADAUSDT,2026-09-05 04:20,1788571200000,71.39,strong,5m,-4.082,0.2115,-0.284,-0.662,-0.331,1.7712,0.237,0.0,-0.0473,0.2693,0.9667,1.0,1,0,0.9988,58.021,1.0,1.0,0.85771,0.4663,2.5989,0.2386
ADAUSDT,2026-09-05 08:50,1788587400000,65.17,watch,5m,-4.31,0.2109,1.138,0.996,0.996,2.173,0.333,0.0,-0.142,0.175,0.9667,0.3,0,0,0.8501,55.303,1.0,0.7769,0.722,0.5884,2.9652,0.0499
ADAUSDT,2026-09-05 09:20,1788589200000,58.58,watch,5m,-3.89,0.2125,0.376,0.235,0.376,1.0479,0.1886,0.0,-0.047,0.4956,1.0,1.0,1,0,0.7,69.457,1.0,1.0,0.8651,0.0,0.4712,0.6911
ADAUSDT,2026-09-05 11:25,1788596700000,59.25,watch,5m,-3.479,0.2136,0.0,-0.094,-0.047,0.9758,0.1406,0.0,-0.2801,0.1475,1.0,1.0,1,0,0.9577,57.238,1.0,1.0,0.83,0.0,0.7103,-0.0051
ADAUSDT,2026-09-05 15:25,1788611100000,67.7,watch,5m,-3.604,0.214,1.262,1.121,1.121,1.6218,0.1404,0.0,0.0935,0.2384,0.95,1.0,1,0,0.6727,63.891,1.0,0.8713,0.74654,0.5478,2.8433,0.1768
ADAUSDT,2026-09-05 17:35,1788618900000,60.17,watch,5m,2.583,0.2184,-0.366,-0.641,-0.549,2.5638,0.6452,0.2994,0.5988,0.7418,0.9625,1.0,1,1,0.0,74.509,1.0,0.7081,0.7041,0.3763,2.3288,1.1836
ADAUSDT,2026-09-05 19:45,1788626700000,65.03,watch,5m,1.773,0.2181,0.642,0.367,0.55,1.3994,0.2759,0.0,-0.2287,0.1264,0.9,1.0,1,0,0.9015,59.772,1.0,0.4456,0.63585,0.7803,3.5408,-0.0472
ADAUSDT,2026-09-05 20:55,1788630900000,58.63,watch,5m,4.539,0.2211,-0.407,-0.543,-0.452,2.8,0.5,0.25,0.5,0.773,0.9368,1.0,1,1,0.0,75.427,1.0,0.0988,0.5457,0.8796,3.8388,1.246
ADAUSDT,2026-09-06 04:10,1788657000000,64.6,watch,5m,4.934,0.2212,0.271,0.09,0.136,1.6542,0.1812,0.0,0.0452,0.4859,0.91,1.0,1,0,0.6223,70.532,1.0,0.6731,0.69501,0.5907,2.9722,0.6718
ADAUSDT,2026-09-06 06:40,1788666000000,61.81,watch,5m,6.025,0.2235,-0.895,-1.208,-0.94,1.5129,0.3592,0.2,0.3592,0.5858,0.94,1.0,1,0,0.7,68.66,1.0,0.3762,0.61781,0.5918,2.9755,0.8717
ADAUSDT,2026-09-06 08:35,1788672900000,64.49,watch,5m,5.846,0.2227,-0.943,-1.078,-0.988,1.4877,0.4058,0.2,0.2701,0.3672,1.0,1.0,1,0,0.8192,61.254,1.0,0.7919,0.7259,0.3058,2.1173,0.4343
ADAUSDT,2026-09-06 12:25,1788686700000,58.92,watch,5m,2.951,0.2198,-0.318,-0.409,-0.409,0.7158,0.1823,0.0,0.1367,0.5736,1.0,1.0,1,0,0.7029,63.349,1.0,1.0,0.88058,0.0,0.9663,0.8472
ADAUSDT,2026-09-06 14:25,1788693900000,64.02,watch,15m,4.0,0.221,0.136,-0.09,0.0,2.1735,0.546,0.2045,0.4089,0.4581,0.8909,1.0,1,0,0.9368,59.138,1.0,0.2458,0.58391,0.7571,3.4712,0.6162
ADAUSDT,2026-09-06 15:50,1788699000000,58.98,watch,5m,2.265,0.2212,-0.859,-1.085,-0.859,1.3824,0.363,0.0,-0.2255,0.1391,1.0,1.0,1,0,0.9284,56.711,1.0,1.0,0.90801,0.0,0.2853,-0.0217
ADAUSDT,2026-09-06 21:00,1788717600000,71.16,strong,5m,-0.636,0.2186,0.64,0.366,0.595,1.3069,0.2752,0.0,-0.137,0.2441,0.9571,1.0,1,0,0.8239,54.83,1.0,0.6,0.676,0.8728,3.8183,0.1883
ADAUSDT,2026-09-06 21:50,1788720600000,58.47,watch,5m,-0.591,0.2188,0.091,0.0,0.046,1.2155,-0.0913,0.0,-0.455,0.0647,0.3,0.3,0,1,0.6152,51.073,1.0,1.0,0.79794,0.4834,3.1096,-0.1705
ADAUSDT,2026-09-06 23:50,1788727800000,66.35,late,5m,0.729,0.221,0.362,0.136,0.181,2.5076,-0.1356,0.0,-0.1807,0.2762,0.2769,1.0,1,1,0.7,67.858,1.0,0.5855,0.67223,1.0,6.174,0.2524
ADAUSDT,2026-09-07 03:00,1788739200000,59.18,watch,5m,2.378,0.2239,0.223,-0.223,0.179,2.0236,0.179,0.0,0.1342,0.3283,0.8267,1.0,1,0,0.7,66.138,1.0,0.0,0.33245,1.0,4.3403,0.3566
ADAUSDT,2026-09-07 03:40,1788741600000,67.29,watch,5m,3.098,0.2263,-1.9,-2.342,-2.209,1.8628,0.4439,0.0,0.1327,0.6168,0.9833,1.0,1,0,0.7,68.91,1.0,0.564,0.66664,0.7194,3.3582,0.9336
ADAUSDT,2026-09-07 08:15,1788758100000,63.44,watch,5m,0.091,0.2208,0.453,0.0,0.0,2.1645,0.5923,0.2046,0.4093,0.4613,0.9786,0.3,0,0,0.896,59.873,1.0,0.7503,0.71509,0.3789,2.3368,0.6225
ADAUSDT,2026-09-07 12:10,1788772200000,58.55,watch,5m,0.32,0.2193,-0.365,-0.593,-0.41,0.8723,0.1827,0.0,0.0913,0.2113,0.9,1.0,1,0,0.963,58.666,1.0,1.0,0.85871,0.0,0.7942,0.1226
ADAUSDT,2026-09-07 13:00,1788775200000,67.63,watch,5m,-0.501,0.2185,0.412,0.092,0.275,2.2831,0.5985,0.0,-0.5009,0.0891,0.9625,0.3,0,0,0.6167,51.1,1.0,0.5529,0.66374,0.9741,4.1224,-0.1218
ADAUSDT,2026-09-07 14:20,1788780000000,60.11,watch,15m,-0.136,0.2201,0.5,0.273,0.318,0.9668,0.5023,0.0,0.1365,0.7097,0.9769,1.0,1,0,0.813,54.634,1.0,1.0,0.80479,0.0,0.3385,1.1194
ADAUSDT,2026-09-07 15:35,1788784500000,62.99,watch,5m,-0.045,0.2214,0.768,0.09,0.587,1.4798,0.1357,0.0,0.0904,0.3645,0.8125,1.0,1,0,0.5747,71.103,1.0,0.8545,0.74218,0.4404,2.5212,0.429
ADAUSDT,2026-09-07 23:30,1788813000000,59.18,watch,5m,-0.045,0.2209,0.272,0.0,0.0,1.8241,0.3635,0.0,-0.1808,0.3429,0.9727,1.0,1,0,0.8857,55.943,1.0,1.0,0.8468,0.0,1.1059,0.3858
ADAUSDT,2026-09-08 00:10,1788815400000,66.84,watch,5m,-0.27,0.2213,-0.226,-0.633,-0.633,1.3209,0.3173,0.0,-0.0452,0.2369,0.9625,1.0,1,0,0.9701,58.538,1.0,1.0,0.81842,0.3002,2.1006,0.1739
ADAUSDT,2026-09-08 12:35,1788860100000,61.58,watch,15m,0.825,0.22,0.182,-0.136,0.0,1.619,0.7787,0.2513,0.5025,0.7639,0.985,1.0,1,0,0.8472,60.75,1.0,0.6265,0.68289,0.2439,1.9316,1.2277
ADAUSDT,2026-09-08 13:20,1788862800000,62.41,late,5m,0.639,0.2205,-1.088,-1.361,-1.134,1.8988,-0.0906,0.0,-0.2714,0.0294,0.1769,1.0,1,1,0.7,66.924,1.0,0.6798,0.69675,0.8387,3.7162,-0.2411
ADAUSDT,2026-09-08 17:05,1788876300000,74.18,strong,5m,-0.454,0.2192,1.688,0.958,1.688,0.9542,0.1828,0.0,-0.4993,0.7574,0.82,1.0,1,0,0.9843,57.718,1.0,0.5036,0.65094,1.0,4.2765,1.2147
ADAUSDT,2026-09-08 18:10,1788880200000,60.05,watch,15m,1.956,0.2241,2.856,2.41,2.41,2.0016,1.2653,0.5413,1.0825,1.0,0.9636,1.0,1,0,0.7,68.986,1.0,0.3324,0.60644,0.32,2.1601,2.5775
ADAUSDT,2026-09-08 18:40,1788882000000,76.85,strong,1h,5.563,0.2296,-0.305,-0.697,-0.697,3.0164,3.7506,0.7,2.9596,1.0,0.971,1.0,1,0,0.7,68.915,0.8663,0.3247,0.60443,1.0,4.9886,5.0461
ADAUSDT,2026-09-10 06:40,1789011600000,59.23,watch,5m,-1.521,0.2136,0.14,-0.094,-0.094,1.1357,0.1406,0.0,-0.1869,0.2759,0.8286,1.0,1,0,0.6266,64.721,1.0,0.5571,0.66484,0.543,2.8289,0.2517
ADAUSDT,2026-09-10 09:45,1789022700000,59.86,watch,5m,-2.944,0.2143,-0.607,-1.027,-0.747,1.7361,0.4217,0.0,-0.1863,0.3554,1.0,1.0,1,0,0.8951,59.889,1.0,1.0,0.80419,0.011,1.233,0.4109
ADAUSDT,2026-09-10 10:55,1789026900000,60.71,watch,5m,-3.655,0.2135,-0.234,-0.375,-0.375,1.5244,0.2347,0.0,-0.6977,0.1883,1.0,0.3,0,0,0.6779,52.202,1.0,1.0,0.82346,0.2535,1.9604,0.0767
ADAUSDT,2026-09-10 12:25,1789032300000,60.53,watch,5m,-2.586,0.2147,-0.605,-0.932,-0.932,2.1084,0.3271,0.0,0.1867,0.5587,0.875,1.0,1,0,0.6926,63.533,1.0,0.0,0.45058,1.0,4.5425,0.8174
ADAUSDT,2026-09-10 13:10,1789035000000,58.37,watch,5m,-2.198,0.2136,-0.515,-0.983,-0.515,0.9808,0.2346,0.0,-0.7435,0.3236,0.9143,0.3,0,0,0.6476,51.657,1.0,1.0,0.84417,0.1819,2.053,0.3471
ADAUSDT,2026-09-10 23:10,1789071000000,59.81,watch,5m,-1.958,0.2103,-0.285,-0.571,-0.571,0.9488,0.2383,0.0,-0.1425,0.224,1.0,1.0,1,0,0.9893,57.808,1.0,1.0,0.81316,0.0,0.7335,0.1479
ADAUSDT,2026-09-11 04:00,1789088400000,60.88,watch,5m,-2.407,0.2068,0.097,-0.338,0.0,1.0427,0.0484,0.0,0.0,0.1812,0.8,1.0,1,0,0.9064,56.316,1.0,0.9948,0.77865,0.1606,1.6819,0.0624
ADAUSDT,2026-09-11 06:10,1789096200000,64.86,watch,5m,-2.909,0.2069,0.677,0.387,0.58,1.8063,0.3882,0.0,-0.1448,0.2131,0.9727,1.0,1,0,0.7749,53.949,1.0,1.0,0.80771,0.2833,2.05,0.1262
ADAUSDT,2026-09-11 08:35,1789104900000,62.68,watch,5m,-1.964,0.2097,-0.477,-0.715,-0.668,0.8428,0.239,0.0,-0.38,0.0,1.0,1.0,1,0,0.9317,59.23,1.0,0.9675,0.77155,0.1978,2.0479,-0.3018
ADAUSDT,2026-09-11 15:30,1789129800000,64.91,late,5m,-2.084,0.2067,0.484,-0.242,0.0,8.5602,1.7725,0.5874,1.1747,1.0,0.9864,1.0,1,1,0.0,75.079,1.0,0.0,0.50798,1.0,10.2534,2.0616
ADAUSDT,2026-09-11 16:50,1789134600000,62.22,watch,1h,0.664,0.2123,-0.188,-0.801,-0.33,2.4736,1.5789,0.4276,0.8551,1.0,0.9716,0.3,0,0,0.9734,58.478,0.6254,0.0,0.45289,1.0,4.3292,2.0569
ADAUSDT,2026-09-12 04:00,1789174800000,68.94,watch,5m,-0.048,0.2067,0.581,0.29,0.29,1.1045,0.1453,0.0,0.0,0.2154,1.0,1.0,1,0,0.9206,59.43,1.0,1.0,0.90808,0.3884,2.3651,0.1309
ADAUSDT,2026-09-12 04:40,1789177200000,67.64,watch,5m,0.631,0.2073,0.724,0.434,0.531,0.711,0.1449,0.0,0.0,0.2557,1.0,1.0,1,0,0.6856,63.659,1.0,0.9584,0.76917,0.4421,2.5264,0.2114
ADAUSDT,2026-09-12 05:55,1789181700000,59.81,watch,5m,0.967,0.2089,0.096,0.0,0.048,1.6457,0.2399,0.0,-0.1434,0.2447,0.97,1.0,1,0,0.7242,62.965,1.0,1.0,0.84767,0.0937,1.481,0.1894
